,RMSE,MAE,R²,SMAPE,MAPE,Max Error (km)
LSTM,61486376.66740699,22491319.71081325,-221.28909693619096,68.00487386554136,34.644303407856285,260861635.90612775
Hybrid LSTM,61486261.482164755,22491207.608100235,-74.71274983174673,133.87540868974563,1157269.6332031025,260857967.68569413
RK4,61483497.07595871,22489308.482183617,-8154.163679810644,125.13486656584287,75550042.29360402,260858857.25168857
SGP4,61483494.773765795,22489879.848126624,-8140.87029029186,192.0143476705014,5660172701438.9,260857739.64412916
